id,module
M1,./samples/modules/module_1.txt
M2,./samples/modules/module_2.txt
M3,./samples/modules/module_3.txt
M4,./samples/modules/module_4.txt
M5,./samples/modules/module_5.txt
M6,./samples/modules/module_6.txt
M7,./samples/modules/module_7.txt
M8,./samples/modules/module_8.txt
M9,./samples/modules/module_9.txt
M10,./samples/modules/module_10.txt
M11,./samples/modules/module_11.txt
M12,./samples/modules/module_12.txt
M13,./samples/modules/module_13.txt
M14,./samples/modules/module_14.txt
M15,./samples/modules/module_15.txt
M16,./samples/modules/module_16.txt
M17,./samples/modules/module_17.txt
M18,./samples/modules/module_18.txt
M19,./samples/modules/module_19.txt
M20,./samples/modules/module_20.txt
M21,./samples/modules/module_21.txt
M22,./samples/modules/module_22.txt
M23,./samples/modules/module_23.txt
M24,./samples/modules/module_24.txt
M25,./samples/modules/module_25.txt
M26,./samples/modules/module_26.txt
M27,./samples/modules/module_27.txt
M28,./samples/modules/module_28.txt
M29,./samples/modules/module_29.txt
M30,./samples/modules/module_30.txt
M31,./samples/modules/module_31.txt
M32,./samples/modules/module_32.txt
M33,./samples/modules/module_33.txt
M34,./samples/modules/module_34.txt
M35,./samples/modules/module_35.txt
M36,./samples/modules/module_36.txt
M37,./samples/modules/module_37.txt
M38,./samples/modules/module_38.txt
M39,./samples/modules/module_39.txt
M40,./samples/modules/module_40.txt
M41,./samples/modules/module_41.txt
M42,./samples/modules/module_42.txt
M43,./samples/modules/module_43.txt
M44,./samples/modules/module_44.txt
M45,./samples/modules/module_45.txt
